{
	"identifier":"name",
	"items": [
			{ "name":"Root", "parent":[] },

			{ "name":"Lisa", "parent":["Homer","Marge"], "hair":"blond", "checked":true, "icon":"simpsonsIcons lisa" },
			{ "name":"Bart", "parent":["Homer","Marge"], "hair":"blond", "checked":false, "icon":"simpsonsIcons bart" },
			{ "name":"Maggie", "parent":["Homer","Marge"], "hair":"black", "checked":true },

			{ "name":"Patty", "parent":["Jacqueline"], "hair":"blond", "checked":true },
			{ "name":"Selma", "parent":["Jacqueline"], "hair":"blond", "checked":false },

			{ "name":"Rod", "parent":["Ned"], "hair":"blond", "checked":true },
			{ "name":"Todd", "parent":["Ned"], "hair":"blond", "checked":true },

			{ "name":"Abe", "parent":["Root"], "hair":"none", "checked":true },
			{ "name":"Mona", "parent":["Root"], "hair":"none", "checked":false },
			{ "name":"Jacqueline", "parent":["Root"], "hair":"none", "checked":true },
			{ "name":"Homer", "parent":["Abe","Mona"], "hair":"none", "checked":false, "icon":"simpsonsIcons homer", "enabled": false },
			{ "name":"Marge", "parent":["Jacqueline"], "hair":"blond", "checked":true, "icon":"simpsonsIcons marge" },
			{ "name":"Ned", "parent":["Root"], "hair":"none", "checked":true },

			{ "name":"Apu", "parent":["Root"], "hair":"black", "checked":true },
			{ "name":"Manjula", "parent":["Apu"], "hair":"brown", "checked":false}
		]
}
