{
  "theme": {
    "name": "LaunchpadTheme",
    "styles": [
      "default",
      "style2"
    ],
    "version": "1.4"
  },
  "portalUrl": "http://narutogis.maps.arcgis.com",
  "appId": "",
  "authorizedCrossOriginDomains": [],
  "logo": "images/logo-2.png",
  "title": "深水光明水务有限公司附属设施管理系统",
  "geometryService": "http://192.168.0.80:6080/arcgis/rest/services/Utilities/Geometry/GeometryServer",
  "links": [
    {
      "label": "用户管理",
      "url": "http://192.168.0.80:25086/WaterWorks_AuthManager/autoLogin.aspx"
    }
  ],
  "widgetOnScreen": {
    "widgets": [
      {
        "uri": "themes/LaunchpadTheme/widgets/AnchorBarController/Widget",
        "position": {
          "bottom": 10,
          "height": 40,
          "relativeTo": "map",
          "zIndex": 0
        },
        "version": "1.4",
        "id": "themes_LaunchpadTheme_widgets_AnchorBarController_Widget_41",
        "name": "AnchorBarController",
        "label": "锚杆控制器"
      },
      {
        "uri": "themes/LaunchpadTheme/widgets/Header/Widget",
        "position": {
          "left": 15,
          "top": 17,
          "width": 670,
          "height": 46,
          "relativeTo": "map"
        },
        "version": "1.4",
        "id": "themes_LaunchpadTheme_widgets_Header_Widget_42",
        "hasSearchOverlayed": true,
        "name": "Header",
        "label": "页眉"
      },
      {
        "uri": "widgets/ZoomSlider/Widget",
        "position": {
          "left": 25,
          "top": 95,
          "relativeTo": "map"
        },
        "version": "1.4",
        "id": "widgets_ZoomSlider_Widget_45",
        "name": "ZoomSlider",
        "label": "缩放滑块"
      },
      {
        "uri": "widgets/HomeButton/Widget",
        "position": {
          "left": 25,
          "top": 175,
          "relativeTo": "map"
        },
        "id": "widgets_HomeButton_Widget_46",
        "name": "HomeButton",
        "label": "主目录按钮"
      },
      {
        "uri": "widgets/MyLocation/Widget",
        "position": {
          "left": 25,
          "top": 215,
          "relativeTo": "map"
        },
        "version": "1.4",
        "id": "widgets_MyLocation_Widget_47",
        "name": "MyLocation",
        "label": "我的位置"
      },
      {
        "uri": "widgets/Scalebar/Widget",
        "position": {
          "left": 27,
          "bottom": 25,
          "relativeTo": "map"
        },
        "version": "1.4",
        "id": "widgets_Scalebar_Widget_50",
        "name": "Scalebar",
        "label": "比例尺"
      },
      {
        "uri": "widgets/Splash/Widget",
        "visible": false,
        "position": {
          "relativeTo": "browser"
        },
        "version": "1.4",
        "id": "widgets_Splash_Widget_51",
        "name": "Splash",
        "label": "启动"
      },

      {
        "position": {
          "left": 25,
          "bottom": 55,
          "width":250
        },
        "placeholderIndex": 3,
        "uri": "widgets/Legend/Widget"
      },
      {
        "uri": "widgets/CommonBase/Widget",
        "position": {
          "left": 47,
          "top": 75
        },
        "id": "widgets/CommonBase/Widget_8",
        "name": "CommonBase",
        "label": "默认接受过滤条件"
      }
    ],
    "panel": {
      "uri": "hugegis/OnScreenWidgetPanel",
      "position": {
        "relativeTo": "map"
      }
    }
  },
  "map": {
    "3D": false,
    "2D": true,
    "position": {
      "left": 0,
      "top": 0,
      "right": 0,
      "bottom": 0
    },
    "basemaps": [
      {
         "label": "基础地图",
        "url": "http://192.168.0.80:6080/arcgis/rest/services/SZZLS_BJ/MapServer",
        "type": "tiled",
        "icon": "images/basemaps/tiandituimage.png",
        "visible": true
      }
    ],
    "operationallayers": [
      {
        "label": "供水管网图",
        "url": "http://192.168.0.80:6080/arcgis/rest/services/SZZLS_GW/MapServer",
        "type": "tiled",
        "icon": "images/basemaps/tianditumap.png",
        "visible": true

      }
    ],
    "mapOptions": {
      "extent": {
        "xmin": 64981.074419999626,
        "ymin": -5536.61696640485,
        "xmax": 185940.38717999967,
        "ymax": 64314.48776640667,
        "spatialReference": {"wkid": 2435}
      },
      "logo": false,
      "nav":false,
      "slider":false
    }
  },
  "widgetPool": {
    "panel": {
      "uri": "themes/FoldableTheme/panels/FoldablePanel/Panel",
      "position": {
        "top": 5,
        "right": 5,
        "bottom": 5
      }
    },
    "widgets": [
      {
        "label": "图层管理",
        "uri": "widgets/LayerList/Widget_bak",
        "openAtStart":false
      },
	  {
        "label": "空间查询",
        "uri": "widgets/SpatialQuery/Widget"
      },
      {
        "label": "书签",
        "uri": "widgets/Bookmark/Widget"
      },
      {
        "label": "测量",
        "uri": "widgets/Measurement/Widget"
      },
      {
        "label": "打印",
        "uri": "widgets/Print/Widget"
      },
      {
        "label": "标绘",
        "uri": "widgets/Draw/Widget"
      }
    ]
  },
  "widgetPool": {
    "panel": {
      "uri": "themes/LaunchpadTheme/panels/LaunchpadPanel/Panel",
      "position": {
        "relativeTo": "map"
      }
    },
    "widgets": [
      {
        "label": "图层管理",
        "uri": "widgets/LayerList/Widget",
        "openAtStart":false
      },
	  {
        "label": "空间查询",
        "uri": "widgets/SpatialQuery/Widget"
      },
      {
        "label": "书签",
        "uri": "widgets/Bookmark/Widget"
      },
      {
        "label": "测量",
        "uri": "widgets/Measurement/Widget"
      },
      {
        "label": "打印",
        "uri": "widgets/Print/Widget"
      },
      {
        "label": "标绘",
        "uri": "widgets/Draw/Widget"
      }
    ],
    "groups": []
  },
  "loadingPage": {
    "backgroundColor": "#508dca",
    "backgroundImage": {
      "visible": false
    },
    "loadingGif": {
      "visible": true,
      "uri": "/hugegis.js/loading/images/predefined_loading_1.gif",
      "width": 58,
      "height": 29
    }
  },
  "wabVersion": "1.4",
  "isTemplateApp": false,
  "isWebTier": false,
  "httpProxy": {
    "useProxy": true,
    "url": "/proxy.js"
  },
  "mobileLayout": {
    "widgetOnScreen": {
      "widgets": [
        {
          "uri": "themes/LaunchpadTheme/widgets/AnchorBarController/Widget",
          "position": {
            "bottom": 0,
            "height": 40,
            "width": "100%",
            "zIndex": 0,
            "relativeTo": "map"
          },
          "version": "1.4"
        },
        {
          "uri": "themes/LaunchpadTheme/widgets/Header/Widget",
          "position": {
            "left": 0,
            "right": 0,
            "top": 0,
            "height": 46,
            "relativeTo": "map"
          },
          "version": "1.4"
        },
        {
          "uri": "widgets/ZoomSlider/Widget",
          "position": {
            "right": 10,
            "bottom": 160,
            "relativeTo": "map"
          },
          "version": "1.4"
        },
        {
          "uri": "widgets/HomeButton/Widget",
          "position": {
            "right": 10,
            "bottom": 75,
            "relativeTo": "map"
          }
        },
        {
          "uri": "widgets/MyLocation/Widget",
          "inPanel": false,
          "position": {
            "right": 10,
            "bottom": 115,
            "relativeTo": "map"
          },
          "version": "1.4"
        },
        {
          "uri": "widgets/Scalebar/Widget",
          "position": {
            "left": 50,
            "bottom": 70,
            "relativeTo": "map"
          },
          "version": "1.4"
        },
        {
          "uri": "widgets/Splash/Widget",
          "visible": false,
          "position": {
            "relativeTo": "browser"
          },
          "version": "1.4"
        }

      ]
    },
    "map": {
      "position": {
        "left": 0,
        "top": 0,
        "right": 0,
        "bottom": 0
      }
    },
    "widgetPool": {
      "panel": {
        "uri": "themes/LaunchpadTheme/panels/LaunchpadPanel/Panel"
      }
    }
  }
}