{
  "theme": {
    "name": "FoldableTheme"
  },
  "portalUrl": "http://www.arcgisonline.cn/portal",
  "appId": "",
  "authorizedCrossOriginDomains": [],
  "logo": "images/logo-2.png",
  "title": "深水光明水务有限公司附属设施管理系统",
  "subtitle": "",
  "httpProxy": {
    "url": "/proxy.js"
  },
  "geometryService": "http://192.168.0.80:6080/arcgis/rest/services/Utilities/Geometry/GeometryServer",
  "links": [
    {
      "label": "用户管理",
      "url": "http://192.168.0.80:25086/WaterWorks_AuthManager/autoLogin.aspx"
    }
  ],
  "widgetOnScreen": {
    "widgets": [
      {
        "uri": "themes/FoldableTheme/widgets/HeaderController/Widget",
        "position": {
          "left": 0,
          "top": 0,
          "right": 0,
          "height": 40,
          "relativeTo": "browser"
        }
      },
	  {
        "uri": "widgets/BasicXw/Widget",
        "position": {
          "top": 5,
          "left": 50
        }
      },
      {
        "uri": "widgets/ZoomSlider/Widget",
        "position": {
          "top": 5,
          "left": 7
        }
      },
      {
        "uri": "widgets/HomeButton/Widget",
        "position": {
          "left": 7,
          "top": 75
        }
      },
      {
        "uri": "widgets/StreetViewButton/Widget",
        "position": {
          "left": 7,
          "top": 145
        }
      },
      {
        "uri": "widgets/Scalebar/Widget",
        "position": {
          "left": 25,
          "bottom": 50
        }
      },
      {
        "uri": "widgets/CommonBase/Widget",
        "position": {
          "left": 47,
          "top": 75
        },
        "id": "widgets/CommonBase/Widget_8",
        "name": "CommonBase",
        "label": "默认接受过滤条件"
      },
      {
        "uri": "widgets/MyLocation/Widget",
        "position": {
          "left": 7,
          "top": 110,
          "relativeTo": "map"
        },
        "version": "1.4",
        "id": "widgets_MyLocation_Widget_52",
        "name": "MyLocation",
        "label": "我的位置"
      },
      {
        "uri": "widgets/Coordinate/Widget",
        "position": {
          "left": 7,
          "bottom": 2,
          "zIndex": 16,
          "relativeTo": "map"
        },
        "version": "1.4",
        "id": "widgets_Coordinate_Widget_4",
        "icon": "widgets/Coordinate/images/icon.png?wab_dv=1.4",
        "name": "Coordinate",
        "label": "坐标"
      },
      {
        "uri": "widgets/OverviewMap/Widget",
        "position": {
          "right": 0,
          "bottom": 2,
          "zIndex": 15,
          "relativeTo": "map"
        },
        "version": "1.4",
        "id": "widgets_OverviewMap_Widget_10",
        "icon": "widgets/OverviewMap/images/icon.png?wab_dv=1.4",
        "name": "OverviewMap",
        "label": "总览图"
      },
	  {
		"label": "卡片",
		"uri": "widgets/CardContainer/Widget"
	  }
    ]
  },
  "map": {
    "3D": false,
    "2D": true,
    "position": {
      "left": 0,
      "top": 40,
      "right": 0,
      "bottom": 0
    },
    "basemaps": [
      {
        "label": "基础地图",
        "url": "http://192.168.0.80:6080/arcgis/rest/services/SZZLS_BJ/MapServer",
        "type": "tiled",
        "icon": "images/basemaps/tiandituimage.png",
        "visible": true
      }
    ],
    "operationallayers": [
	  {
        "label": "影像图",
        "url": "http://192.168.0.80:6080/arcgis/rest/services/SZZLS_RASTER/MapServer",
        "type": "tiled",
        "icon": "images/basemaps/tianditumap.png",
        "visible": false
      },
      {
        "label": "供水管网图",
        "url": "http://192.168.0.80:6080/arcgis/rest/services/SZZLS_GW/MapServer",
        "type": "tiled",
        "icon": "images/basemaps/tianditumap.png",
        "visible": true
      }
    ],
    "mapOptions": {
      "extent": {
        "xmin": 64981.074419999626,
        "ymin": -5536.61696640485,
        "xmax": 185940.38717999967,
        "ymax": 64314.48776640667,
        "spatialReference": {"wkid": 2435}
      },
      "logo": false
    }
  },

  "widgetPool": {
    "panel": {
      "uri": "themes/FoldableTheme/panels/FoldablePanel/Panel",
      "position": {
        "top": 5,
        "right": 5,
        "bottom": 5
      }
    },
    "widgets": [
      {
        "label": "图层管理",
        "uri": "widgets/LayerList/Widget_bak",
        "openAtStart":false
      },
	  {
        "label": "沿路查询",
        "uri": "widgets/SpatialQueryOfRoad/Widget"
      },
	  {
		"label": "汇总统计",
		"uri": "widgets/Kpi/Widget",
		"openAtStart": false
	  },
	  {
        "label": "空间查询",
        "uri": "widgets/SpatialQuery/Widget"
      },
	  {
        "label": "逻辑查询",
        "uri": "widgets/LogicQuery/Widget"
      },
	  {
        "label": "消防栓/阀门统计",
		"icon": "widgets/SummaryStatistics/images/icon.png",
        "uri": "widgets/SummaryStatistics/Widget",
		"type": "win"
      },
	  {
        "label": "SCADA数据接入展示",
        "uri": "widgets/SCADA/Widget"
      },
	  {
        "label": "人员管理",
        "uri": "widgets/PdaList/Widget"
      },
	  {
		"label": "施工停水分析",
		"uri": "widgets/WaterStopAnalyse/Widget"
	  },
	  {
		"label": "关阀分析",
		"uri": "widgets/ValveCloseSimulation/Widget"
	  },
	  {
		"label": "检漏展示",
        "icon": "widgets/GeneralModule_JianLou/images/icon.png",
		"uri": "widgets/GeneralModule_JianLou/Widget",
		"config": "widgets/GeneralModule_JianLou/config.json"
	  },
	  {
        "label": "阀门属性查询",
        "icon": "widgets/LogicQuery_single/images/icon_FM.png",
        "uri": "widgets/LogicQuery_single/Widget",
		"config": "widgets/LogicQuery_single/config_FM.json"
      },
	  {
		"label": "管网数据统计分析",
		"uri": "widgets/StatisticsAll/Widget"
	  },
	  {
		"label": "阀门维修记录展示",
        "icon": "widgets/GeneralModule/images/icon_FMWXJL.png",
		"uri": "widgets/GeneralModule/Widget",
		"config": "widgets/GeneralModule/config_FMWXJL.json"
	  },
	  {
		"label": "阀门巡检记录展示",
        "icon": "widgets/GeneralModule/images/icon_FMXJJL.png",
		"uri": "widgets/GeneralModule/Widget",
		"config": "widgets/GeneralModule/config_FMXJJL.json"
	  },
	  {
		"label": "阀门养护记录展示",
        "icon": "widgets/GeneralModule/images/icon_FMYHJL.png",
		"uri": "widgets/GeneralModule/Widget",
		"config": "widgets/GeneralModule/config_FMYHJL.json"
	  },
	  {
        "label": "消防栓属性查询",
        "icon": "widgets/LogicQuery_single/images/icon_XFS.png",
        "uri": "widgets/LogicQuery_single/Widget",
		"config": "widgets/LogicQuery_single/config_XFS.json"
      },
	  {
		"label": "消防栓维修记录展示",
        "icon": "widgets/GeneralModule/images/icon_XFSWXJL.png",
		"uri": "widgets/GeneralModule/Widget",
		"config": "widgets/GeneralModule/config_XFSWXJL.json"
	  },
	  {
		"label": "消防栓巡检记录展示",
        "icon": "widgets/GeneralModule/images/icon_XFSXJJL.png",
		"uri": "widgets/GeneralModule/Widget",
		"config": "widgets/GeneralModule/config_XFSXJJL.json"
	  },
	  {
		"label": "消防栓养护记录展示",
        "icon": "widgets/GeneralModule/images/icon_XFSYHJL.png",
		"uri": "widgets/GeneralModule/Widget",
		"config": "widgets/GeneralModule/config_XFSYHJL.json"
	  },
	  {
		"label": "通用查询",
		"uri": "widgets/CommonSearch/Widget"
	  },
	  {
		"label": "意见建议反馈",
		"uri": "widgets/Advice/Widget"
	  },
      {
        "label": "书签",
        "uri": "widgets/NewBookmark/Widget"
      },
      {
        "label": "标绘",
        "uri": "widgets/Draw/Widget"
      },
      {
        "label": "测量",
        "uri": "widgets/Measurement/Widget"
      },
      {
        "label": "打印",
        "uri": "widgets/Print/Widget"
      },
	  {
		"label":"密码修改",
		"uri":"widgets/UserControl/Widget"
	  },
	   {
        "label": "CAD导出",
        "uri": "widgets/ExportCad/Widget",
		"type": "fun"
      },
	     {
        "label": "横剖面分析",
        "uri": "widgets/ProfileAnalyse/Widget",
		"type": "fun"
      }
    ]
  },
  "services":{	
	"AuthServiceURL":"TransferService.asmx",
	"CommonServiceURL":"TransferService.asmx",
	"CoordinateTransServiceURL":"TransferService.asmx",
	"IdentifyServiceURL":"TransferService.asmx",
	"PDAWebserviceURL":"TransferService.asmx",	
	"BestSolutionURL":"TransferService.asmx",
	"CadExcel":"http://192.168.0.80:25091/WaterWorks_WebService/ExportCad/",
	"ExcelFieldURL":"http://192.168.0.80:25091/WaterWorks_WebService/Excel/",
	"MainTableUrl": "http://192.168.0.80:25091/WaterWorks_AutoTable/uniqueTable.aspx",
	"SubsidiaryTableUrl": "http://192.168.0.80:25091/WaterWorks_AutoTable/mutilTable.aspx",
	"ValveOprationUrl": "http://192.168.0.80:25091/WaterWorks_ValveOperation/FMCZReportPage.aspx",
	"ValveOprationImg": "http://192.168.0.53:6080/arcgis/rest/services/ExportWebPrintMap/GPServer/Export%20Web%20Map",
	"XwFieldURL": "http://192.168.0.80:25087/fileroot/",
	"XjFieldURL": "http://192.168.0.80:25086/FileRootXJ/"
  },
  "queryLayerList":{
	"maxresultnum":2000,
	"maxpoints":200,
	"sdename":"zlssde",
	"srid":"300002",
	"layer":[{
		"ID":"TM_MEN_PAT",
		"namefield":"GJZ",
		"viewname":"MV_MEN_PAT",
		"countfield":"",
		"logiccountfield":""
		},{
			"ID":"TM_MEN_NET_JUNCTIONS",
			"namefield":"GJZ",
			"viewname":"MV_MEN_NAT",
			"countfield":"",
			"logiccountfield":""
		},{
			"ID":"TM_MEN_AAT",
			"namefield":"GJZ",
			"viewname":"MV_MEN_AAT",
			"countfield":"SHAPE.LEN",
			"logiccountfield":"LENGTH"
		}]
  },
  "muiltmediaconfig":{
    "media":[
		{
			"defaultMedia": true,
			"supportTable": "",
			"separator": ",",
			"suffix": ".jpg;.png",
			"headerurl": "http://192.168.0.80:25091/WaterWorks_WebService/ExportPicture/",
			"type": "image",
			"cover": "",
			"namefield": ""
		},
		{
			"defaultMedia": true,
			"supportTable": "",
			"separator": ",",
			"suffix": ".mp3",
			"headerurl": "http://192.168.0.80:25091/WaterWorks_WebService/ExportPicture/",
			"type": "mp3",
			"cover": "/JSViewer_embed/images/media/f_mp3.png",
			"namefield": ""
		},
		{
			"defaultMedia": true,
			"supportTable": "",
			"separator": ",",
			"suffix": ".xls;.xlsx",
			"headerurl": "http://192.168.0.80:25091/WaterWorks_WebService/ExportPicture/",
			"type": "excel",
			"cover": "images/media/f_excel.png",
			"namefield": ""
		},
		{
			"defaultMedia": false,
			"supportTable": "V_GIS_FMXJJL",
			"separator": ",",
			"suffix": ".jpg;.png",
			"headerurl": "http://192.168.0.80:25086/FileRootXJ/",
			"type": "image",
			"cover": "",
			"namefield": ""
		},
		{
			"defaultMedia": false,
			"supportTable": "V_FMWXJL",
			"separator": ",",
			"suffix": ".jpg;.png",
			"headerurl": "http://192.168.0.80:25087/fileRoot/",
			"type": "image",
			"cover": "",
			"namefield": ""
		},
		{
			"defaultMedia": false,
			"supportTable": "V_GIS_XFSXJJL",
			"separator": ",",
			"suffix": ".jpg;.png",
			"headerurl": "http://192.168.0.80:25086/FileRootXJ/",
			"type": "image",
			"cover": "",
			"namefield": ""
		},
		{
			"defaultMedia": false,
			"supportTable": "V_GIS_XFSYHJL",
			"separator": ",",
			"suffix": ".jpg;.png",
			"headerurl": "http://192.168.0.80:25087/FileRoot/",
			"type": "image",
			"cover": "",
			"namefield": ""
		}
	]
  },
  "fields":{
	    "field":[{
			"name":"HEAD",
			"disname":"建议对象",
			"type":""
			},{
			"name":"DETAIL",
			"disname":"建议内容",
			"type":""
			},{
			"name":"MEMO",
			"disname":"建议备注",
			"type":""
			},{
			"name":"USERNAME",
			"disname":"上报人员",
			"type":""
			},{
			"name":"DATE_C",
			"disname":"上报时间",
			"type":""
			},{
			"name":"STATENAME",
			"disname":"处理状态",
			"type":""
			},{
			"name":"FILENAMES",
			"disname":"现场照片",
			"type":""
		}]
  },
  "loadingPage": {
    "backgroundColor": "#508dca",
    "backgroundImage": {
      "visible": false
    },
    "loadingGif": {
      "visible": true,
      "uri": "configs/loading/images/predefined_loading_1.gif",
      "width": 58,
      "height": 29
    }
  },
  "cardBtnPosition":{
			"left": 7,
			"top": 220
  },
  "cardContainer": {
	"cards":[
		{"label":"基础地图",  "img":"images/layerCard/l_gsgw.png", "type":"layer","openValue":"true"},
		{"label":"供水管网图","img":"images/layerCard/l_gsfw.png", "type":"layer","openValue":"true"},
		{"label":"影像图",   "img":"images/layerCard/l_design.png","type":"layer","openValue":"false"},
		{"label":"沿路查询","img":"images/layerCard/l_design.png","type":"widget","openValue":"false"},
		{"label":"意见建议反馈","img":"images/layerCard/l_design.png","type":"widget","openValue":"false"}
		]
  },
  "editableSBLB": ["FM","XHS"],
  "wabVersion": "1.4",
  "usePermission":true,
  "pieColor":"#23A739,#8C4119,#3595A5,#B09F2B,#9E2D5B,#55853B,#867EB1,#9ED9A9,#BFC0EE,#ACBF9F,#9E2D5B,#F0C1F7,#86C3BE,#D2BB9B,#9ED9A9,#D49794,#9B98DF,#ECC1D5,#4F54A6"
}
