{
	"AbortError" 									: { "text": "The operation was aborted.", "code": 20 },
	"DataCloneError" 							: { "text": "The object can not be cloned.", "code": 25 },
	"HierarchyRequestError" 			: { "text": "The operation would yield an incorrect node tree.", "code": 3 },
	"IndexSizeError" 							: { "text": "The index is not in the allowed range.", "code": 1 },
	"InvalidAccessError" 					: { "text": "The object does not support the operation or argument.", "code": 15 },
	"InvalidCharacterError" 			: { "text": "The string contains invalid characters.", "code": 5 },
	"InvalidModificationError" 		: { "text": "The object can not be modified in this way.", "code": 13 },
	"InvalidNodeTypeError" 				: { "text": "The supplied node is incorrect or has an incorrect ancestor for this operation.", "code": 24 },
	"InvalidStateError" 					: { "text": "The object is in an invalid state.", "code": 11 },
	"NamespaceError" 							: { "text": "The operation is not allowed by Namespaces in XML. [XMLNS]", "code": 14 },
	"NetworkError" 								: { "text": "A network error occurred.", "code": 19 },
	"NoModificationAllowedError"	: { "text": "The object can not be modified.", "code": 7 },
	"NotFoundError" 							: { "text": "The object can not be found here.", "code": 8 },
	"NotSupportedError" 					: { "text": "The operation is not supported.", "code": 9 },
	"QuotaExceededError" 					: { "text": "The quota has been exceeded.", "code": 22 },
	"SecurityError" 							: { "text": "The operation is insecure.", "code": 18 },
	"SyntaxError" 								: { "text": "The string did not match the expected pattern.", "code": 12 },
	"TypeMismatchError" 					: { "text": "The type of the object does not match the expected type.", "code": 17 },
	"TimeoutError" 								: { "text": "The operation timed out.", "code": 23 },
	"URLMismatchError"	 					: { "text": "The given URL does not match another URL.", "code": 21 },
	"WrongDocumentError"	 				: { "text": "The object is in the wrong document.", "code": 4 }
}